类目,作品ID,作品作者,作者粉丝数量,作品标题,点赞量,评论量,收藏量,分享量,作品时长,作品网址,发布时间,是否购物车,封面网址,店铺ID,商品ID,视频总销量,视频源网址
彩妆护肤,7623331561635739234,周小闹,26884985,饭店的寒假工，套路客人推销茶叶！,3357493,61013,119021,615228,2分21秒,https://www.douyin.com/video/7623331561635739234,2026-3-31 20:00,无,https://p3-pc-sign.douyinpic.com/obj/tos-cn-p-0015/oEfjXfqAAFBECSgJolDYDpQ1yQLMLB9Z4FIAWa?lk3s=138a59ce&x-expires=1776776400&x-signature=JyE7Sv4YXLQayNYdfNbsgGKIRB8%3D&from=327834062_large&s=PackSourceEnum_AWEME_DETAIL&se=false&sc=dynamic_cover&biz_tag=pcweb_cover&l=202604072108125F90D864ECEA69F4F944,,,,https://www.douyin.com/aweme/v1/play/?video_id=v0300fg10000d75o6anog65k2ba6ic20&line=0&file_id=81f311b4b36e42f880d39163fed84c39&sign=791e719d88ccb22fd224a0b1b0faa9af&is_play_url=1&source=PackSourceEnum_AWEME_DETAIL
彩妆护肤,7622599334995537523,曼卿玉明眸美妆店,7012,气质又显发量的牡丹花流苏抓夹来啦！适合35至55岁姐姐，高级典雅大方#花朵抓夹 #羽毛发夹 #秋冬新款 #这也太好看了,63918,77,6866,2346,1分9秒,https://www.douyin.com/video/7622599334995537523,2026-3-29 16:58,有,https://p3-pc-sign.douyinpic.com/obj/tos-cn-p-0015/ooCdA6rknLzIrBdCQTIGfbeKQegJAMEZBGIjk7?lk3s=138a59ce&x-expires=1776780000&x-signature=mNvdaoEJ7vik6YtYLVx0ne8zm%2FI%3D&from=327834062_large&s=PackSourceEnum_AWEME_DETAIL&se=false&sc=dynamic_cover&biz_tag=pcweb_cover&l=20260407220054066AA9065BCDCFEEAA30,245336211,3777149479631847797,https://compass.jinritemai.com/shop/chance/rank-video/detail?video_id=7622599334995537523&video_shop_id=245336211&source=shipinxiaoliangbang&prepages%5B0%5D=%2Fshop%2Fchance%2Frank-video&from_page=%2Fshop%2Fchance%2Fvideo-rank&btm_ppre=a6187.b916250.c0.d0&btm_pre=a6187.b282694.c0.d0&btm_show_id=5e56fa53-b131-4142-a45a-3bc2543e688e,https://www.douyin.com/aweme/v1/play/?video_id=v0300fg10000d74ej4fog65vqr494lig&line=0&file_id=ea9c2099903849a78b3d2451aa7332e7&sign=a89af4f687ddf73207392faee6df59c1&is_play_url=1&source=PackSourceEnum_AWEME_DETAIL
彩妆护肤,7622335153129679345,CC雯,4875,夏天不想自己身上臭烘烘的，一定要备上这个！这味道真的惊艳到我了！#香氛喷雾 #自带体香 #伪体香 #去味喷雾 #持久留香,57981,324,16875,3759,22秒,https://www.douyin.com/video/7622335153129679345,2026-3-28 23:53,有,https://p3-pc-sign.douyinpic.com/obj/tos-cn-i-0813c000-ce/ocU7A8cPXLGAMHeAIOIG9teeQAf4AWGVm4Pfnt?lk3s=138a59ce&x-expires=1776780000&x-signature=jw2QNBVC6ZR5m3Ovcq73Hxrc6Hw%3D&from=327834062_large&s=PackSourceEnum_AWEME_DETAIL&se=false&sc=dynamic_cover&biz_tag=pcweb_cover&l=2026040722195589BC206EA89D51F2058A,114174476,3795001790563483843,https://compass.jinritemai.com/shop/chance/rank-video/detail?video_id=7622335153129679345&video_shop_id=114174476&source=shipinxiaoliangbang&prepages%5B0%5D=%2Fshop%2Fchance%2Frank-video&from_page=%2Fshop%2Fchance%2Fvideo-rank&btm_ppre=a6187.b916250.c0.d0&btm_pre=a6187.b282694.c0.d0&btm_show_id=5e56fa53-b131-4142-a45a-3bc2543e688e,https://www.douyin.com/aweme/v1/play/?video_id=v2700fgi0000d73viqfog65llj74vo9g&line=0&file_id=aefa416c79ee4062ae915452df4f63ad&sign=52568ccede35fd9c34e0eb758af0a9e9&is_play_url=1&source=PackSourceEnum_AWEME_DETAIL
彩妆护肤,7621499210055492598,畅子,4045679,兄弟们别嘴硬了，能全天清爽保湿的护肤神器找到了 #自然堂男士冰川保湿露,74174,171,5570,3171,1分34秒,https://www.douyin.com/video/7621499210055492598,2026-3-26 19:15,有,https://p3-pc-sign.douyinpic.com/obj/tos-cn-i-0813c001/owA3AQb6DIDSBFeEAGFANM9mzCfGpAAEE0gAAx?lk3s=138a59ce&x-expires=1776776400&x-signature=3JsIkIcSqIeb7VlOtmcwV4nGbP8%3D&from=327834062_large&s=PackSourceEnum_AWEME_DETAIL&se=false&sc=dynamic_cover&biz_tag=pcweb_cover&l=20260407215343178E2139FF5096F85DEC,18308067,3629048283680382201,https://compass.jinritemai.com/shop/chance/rank-video/detail?video_id=7621499210055492598&video_shop_id=18308067&source=shipinxiaoliangbang&prepages%5B0%5D=%2Fshop%2Fchance%2Frank-video&from_page=%2Fshop%2Fchance%2Fvideo-rank&btm_ppre=a6187.b916250.c0.d0&btm_pre=a6187.b282694.c0.d0&btm_show_id=5e56fa53-b131-4142-a45a-3bc2543e688e,https://www.douyin.com/aweme/v1/play/?video_id=v0d00fg10000d72g1unog65ibbc1hep0&line=0&file_id=600d271ddac84eb8bd9413df0d881ece&sign=ddf4f919864643da5f3f9e4afee04dc4&is_play_url=1&source=PackSourceEnum_AWEME_DETAIL
彩妆护肤,7621396786250386742,氧化菊,12836068,卸妆吗？这么会卸那很舒服了！ #氧化菊 #卸妆 #平价好物 #XWAY未知之路 #未知之路卸妆膏,95506,823,3789,619,1分11秒,https://www.douyin.com/video/7621396786250386742,2026-3-26 18:01,有,https://p3-pc-sign.douyinpic.com/obj/tos-cn-i-dy/e3a9f6cfa63946d4bc650ae8a6df61d2?lk3s=138a59ce&x-expires=1776776400&x-signature=YH3QSxJg7XUy%2BI9CWPQziZFCtaI%3D&from=327834062_large&s=PackSourceEnum_AWEME_DETAIL&se=false&sc=dynamic_cover&biz_tag=pcweb_cover&l=20260407213901E5844EA6112D7BA20148,165840179,3776607461369315512,https://compass.jinritemai.com/shop/chance/rank-video/detail?video_id=7621396786250386742&video_shop_id=165840179&source=shipinxiaoliangbang&prepages%5B0%5D=%2Fshop%2Fchance%2Frank-video&from_page=%2Fshop%2Fchance%2Fvideo-rank&btm_ppre=a6187.b916250.c0.d0&btm_pre=a6187.b282694.c0.d0&btm_show_id=5e56fa53-b131-4142-a45a-3bc2543e688e,https://www.douyin.com/aweme/v1/play/?video_id=v0200fg10000d72a2rvog65ia5o2fppg&line=0&file_id=d8f457f1cb5d4eae96ed7ab02ff019e4&sign=ba5f7dce3dcd22bad3f062b92dcce4b9&is_play_url=1&source=PackSourceEnum_AWEME_DETAIL
彩妆护肤,7620747469354689707,达肤妍棉片官方直播间,246566,湿敷还得是达肤妍海葡萄棉片！#底妆服帖 #光泽感底妆 #棉片 #湿敷棉 #达肤妍海葡萄棉片,109622,1252,20707,14004,38秒,https://www.douyin.com/video/7620747469354689707,2026-3-24 17:12,无,https://p3-pc-sign.douyinpic.com/obj/tos-cn-i-0813/oEEAC0zAECSApget7pIADiiAqVBMY4AGnfT4XN?lk3s=138a59ce&x-expires=1776776400&x-signature=3ULw%2B%2Bi%2F51qHmBaI%2FMY8YcM0Sjc%3D&from=327834062_large&s=PackSourceEnum_AWEME_DETAIL&se=false&sc=dynamic_cover&biz_tag=pcweb_cover&l=20260407213710BBAEAFA6CE6E008F6F66,,,,https://www.douyin.com/aweme/v1/play/?video_id=v0d00fg10000d715abnog65sr69nk230&line=0&file_id=d27f8d11e3a14f7e8dd8e9b2cd4e6911&sign=a1308fe1d04066aa8c8dcc3a359ed857&is_play_url=1&source=PackSourceEnum_AWEME_DETAIL
彩妆护肤,7620745399591438474,有家小店叫童年,6371655,糖妈和毛爸的同时间vlog 来啦 忙碌且充实的日子#有家小店叫童年,63975,704,2830,826,2分12秒,https://www.douyin.com/video/7620745399591438474,2026-3-24 17:04,无,https://p3-pc-sign.douyinpic.com/obj/tos-cn-i-0813/ogAAAAxpNEPAA9FQOCEfCFpwGDM48lInneAOyg?lk3s=138a59ce&x-expires=1776780000&x-signature=85wzDx2ZqBfBt%2BVBS9uF421wItU%3D&from=327834062_large&s=PackSourceEnum_AWEME_DETAIL&se=false&sc=dynamic_cover&biz_tag=pcweb_cover&l=20260407220904C786D37B30268F108CE8,,,,https://www.douyin.com/aweme/v1/play/?video_id=v0d00fg10000d7156gvog65n135imoa0&line=0&file_id=1f11bfaa7c464d458dbeea5a98aedb4a&sign=2e3073c24c1841fe591b49c40d096dce&is_play_url=1&source=PackSourceEnum_AWEME_DETAIL
彩妆护肤,7619408974962605739,戏精少女-小胡,6447000,诡秘！我们什么时候来马代看海！ #马尔代夫 #水屋 #海岛度假 #自由,989752,50831,142930,384103,4分56秒,https://www.douyin.com/video/7619408974962605739,2026-3-21 16:30,无,https://p3-pc-sign.douyinpic.com/obj/tos-cn-i-0813/oEvATiUIAgA9i8F8F3PBCaIla5AbEYAgnBM24?lk3s=138a59ce&x-expires=1776776400&x-signature=6pkyTIKkSrtNHtkl8teBTzaVzl4%3D&from=327834062_large&s=PackSourceEnum_AWEME_DETAIL&se=false&sc=dynamic_cover&biz_tag=pcweb_cover&l=202604072108140BAD9055E218AED4B3AD,,,,https://www.douyin.com/aweme/v1/play/?video_id=v0200fg10000d6up5dvog65lp5m4qf30&line=0&file_id=871cdc0c2a064eb38cc1c00364f6de41&sign=156394f410357aa80e499e4416cbe045&is_play_url=1&source=PackSourceEnum_AWEME_DETAIL
彩妆护肤,7619318164660210963,植绝花卉,124438,🌳越简单，越有味道 #花卉植物 #爱生活爱养花 #桌面盆栽 #生活美学 #植物养护,49482,1949,21238,24384,16秒,https://www.douyin.com/video/7619318164660210963,2026-3-21 6:06,无,https://p3-pc-sign.douyinpic.com/obj/tos-cn-i-dy/b641fc1673d54ba49bcb25f159601c2a?lk3s=138a59ce&x-expires=1776780000&x-signature=fZtSOY%2B9qdC5RW3S1j%2FkCYySAPA%3D&from=327834062_large&s=PackSourceEnum_AWEME_DETAIL&se=false&sc=dynamic_cover&biz_tag=pcweb_cover&l=202604072219180C37F2F13417C8E34F1B,,,,https://www.douyin.com/aweme/v1/play/?video_id=v0d00fg10000d6uju1fog65ihcfhpcs0&line=0&file_id=7ea6155137014772a5120a5d2f2b3b24&sign=651617294b5e49d6129dcae618dc00a6&is_play_url=1&source=PackSourceEnum_AWEME_DETAIL
彩妆护肤,7619174003236515554,Kathy的精致生活,1267261,越来越爱这种不被定义的力量～#citywalk#好物推荐#怡丽丝尔小粉管#怡丽丝尔防晒#怡丽丝尔,45081,335,921,552,1分45秒,https://www.douyin.com/video/7619174003236515554,2026-3-20 15:20,有,https://p9-pc-sign.douyinpic.com/obj/tos-cn-i-0813c001/okdAm4fHALzDXzIm2AUICZBeMIg1QALyALAeeG?lk3s=138a59ce&x-expires=1776780000&x-signature=SuOt4YAum9NHCBIFpPpUNbrlGjM%3D&from=327834062_large&s=PackSourceEnum_AWEME_DETAIL&se=false&sc=dynamic_cover&biz_tag=pcweb_cover&l=20260407222701B522D79CDF5CEFC76406,49630746,3769115524286513614,https://compass.jinritemai.com/shop/chance/rank-video/detail?video_id=7619174003236515554&video_shop_id=49630746&source=shipinxiaoliangbang&prepages%5B0%5D=%2Fshop%2Fchance%2Frank-video&from_page=%2Fshop%2Fchance%2Fvideo-rank&btm_ppre=a6187.b916250.c0.d0&btm_pre=a6187.b282694.c0.d0&btm_show_id=5e56fa53-b131-4142-a45a-3bc2543e688e,https://www.douyin.com/aweme/v1/play/?video_id=v0200fg10000d6ubsbvog65ii0cfr4ng&line=0&file_id=29fa768b736b468088079ad50f3984ad&sign=ff14f5e5d92bbc62b1c8432f92979500&is_play_url=1&source=PackSourceEnum_AWEME_DETAIL
彩妆护肤,7618885011555806379,畅子,4045662,好好好 男人都背着我吃那么好是吧 #好物推荐🔥 #种草,49220,417,4303,721,1分2秒,https://www.douyin.com/video/7618885011555806379,2026-3-19 18:12,有,https://p3-pc-sign.douyinpic.com/obj/tos-cn-i-0813c001/oIWIgo3EOjAtAU0n4idFAhiA7B84fuAgeACvCN?lk3s=138a59ce&x-expires=1776780000&x-signature=Y5iYN53e3t9hfto7Eoe8q%2FKdK2Q%3D&from=327834062_large&s=PackSourceEnum_AWEME_DETAIL&se=false&sc=dynamic_cover&biz_tag=pcweb_cover&l=20260407222312B684FBE2F1312511E07C,212106669,3746535863555850769,https://compass.jinritemai.com/shop/chance/rank-video/detail?video_id=7618885011555806379&video_shop_id=212106669&source=shipinxiaoliangbang&prepages%5B0%5D=%2Fshop%2Fchance%2Frank-video&from_page=%2Fshop%2Fchance%2Fvideo-rank&btm_ppre=a6187.b916250.c0.d0&btm_pre=a6187.b282694.c0.d0&btm_show_id=5e56fa53-b131-4142-a45a-3bc2543e688e,https://www.douyin.com/aweme/v1/play/?video_id=v0d00fg10000d6trcpnog65ro8mhgbq0&line=0&file_id=983f4d57d6334906a4d2685363183363&sign=aa8028609d97ad8b7f7adaba4c7f8e4f&is_play_url=1&source=PackSourceEnum_AWEME_DETAIL
彩妆护肤,7618555701434142015,氧化菊,12836027,当我突然开智...春夏我先白一步！ #氧化菊 #美白 #护肤尖子生 #水之蔻 #水之蔻冰白双管,76169,3716,6497,1407,2分18秒,https://www.douyin.com/video/7618555701434142015,2026-3-18 20:32,有,https://p9-pc-sign.douyinpic.com/obj/tos-cn-i-dy/fd46b3d4f8da4b2cb3c284bd89653f29?lk3s=138a59ce&x-expires=1776776400&x-signature=ASdSzQ3jkUmozTpmr50l5VBlA20%3D&from=327834062_large&s=PackSourceEnum_AWEME_DETAIL&se=false&sc=dynamic_cover&biz_tag=pcweb_cover&l=2026040721471158BC4CE5DC5B97E9E5EB,20643435,3560814015372472685,https://compass.jinritemai.com/shop/chance/rank-video/detail?video_id=7618555701434142015&video_shop_id=20643435&source=shipinxiaoliangbang&prepages%5B0%5D=%2Fshop%2Fchance%2Frank-video&from_page=%2Fshop%2Fchance%2Fvideo-rank&btm_ppre=a6187.b916250.c0.d0&btm_pre=a6187.b282694.c0.d0&btm_show_id=5e56fa53-b131-4142-a45a-3bc2543e688e,https://www.douyin.com/aweme/v1/play/?video_id=v0d00fg10000d6t8mbfog65sqd5njep0&line=0&file_id=252821d0ae8f4970ae4d253041a31a67&sign=581d07020e8b497778b36dcd67db7177&is_play_url=1&source=PackSourceEnum_AWEME_DETAIL
彩妆护肤,7618466155027604913,橘子爱打羽毛球,6747,这味道真的惊艳到我了，不要让衣服都是难闻的味道。#香氛喷雾 #去味喷雾 #香水推荐,52260,460,14872,3387,19秒,https://www.douyin.com/video/7618466155027604913,2026-3-18 13:39,有,https://p3-pc-sign.douyinpic.com/obj/tos-cn-p-0015c000-ce/o0vuDi6IAhA6itgvPOPpSaMOj8CbI2QXTB9oy?lk3s=138a59ce&x-expires=1776780000&x-signature=bm8CgIG5HuL5PPxh%2FpfhXSkBmlU%3D&from=327834062_large&s=PackSourceEnum_AWEME_DETAIL&se=false&sc=dynamic_cover&biz_tag=pcweb_cover&l=2026040722161040183734A585B422ED3A,39978152,3786230962610897042,https://compass.jinritemai.com/shop/chance/rank-video/detail?video_id=7618466155027604913&video_shop_id=39978152&source=shipinxiaoliangbang&prepages%5B0%5D=%2Fshop%2Fchance%2Frank-video&from_page=%2Fshop%2Fchance%2Fvideo-rank&btm_ppre=a6187.b916250.c0.d0&btm_pre=a6187.b282694.c0.d0&btm_show_id=5e56fa53-b131-4142-a45a-3bc2543e688e,https://www.douyin.com/aweme/v1/play/?video_id=v1e00fgi0000d6t3l0nog65snovl6e7g&line=0&file_id=69f5a53571d54012a72f9cf2516eba93&sign=a4a73a5e80089822c5c8b617d2697373&is_play_url=1&source=PackSourceEnum_AWEME_DETAIL
彩妆护肤,7618158114134687706,程莉莎,2635152,有同款儿子你们有没有？#菠菜进行曲 #抖抖好生活,47770,595,2298,3864,25秒,https://www.douyin.com/video/7618158114134687706,2026-3-17 17:44,无,https://p3-pc-sign.douyinpic.com/obj/tos-cn-i-0813c001/oE5WqFC9DDpCueAJIgAzAYnbEfVwPCAEbzIASA?lk3s=138a59ce&x-expires=1776780000&x-signature=5vRSs0IHo6Xv545PLyTbtCPwRJA%3D&from=327834062_large&s=PackSourceEnum_AWEME_DETAIL&se=false&sc=dynamic_cover&biz_tag=pcweb_cover&l=202604072222408B24DEB145B8CDE6F777,,,,https://www.douyin.com/aweme/v1/play/?video_id=v0300fg10000d6si36vog65hfbh359v0&line=0&file_id=4d5ad7630b8e4900ad6ac985ca293d09&sign=38f584df2cbada3704afdce320f9eb33&is_play_url=1&source=PackSourceEnum_AWEME_DETAIL
个护家清,7617887726046117510,可可（努力版）,1902703,这辈子，她为孩子活、为家庭活、为责任活，今天我想让她为自己活一次，没有柴米油盐，没有哭闹催促，只有她自己#妈妈,78915,4189,2470,1541,4分32秒,https://www.douyin.com/video/7617887726046117510,2026-3-17 16:30,无,https://p3-pc-sign.douyinpic.com/obj/tos-cn-i-0813/oQCAyIDoFAAKuL4wA94rAC4A0fREIDAfgpC4SE?lk3s=138a59ce&x-expires=1776776400&x-signature=K0fnEwuDrpx4gEvQILDdTLjcxy8%3D&from=327834062_large&s=PackSourceEnum_AWEME_DETAIL&se=false&sc=dynamic_cover&biz_tag=pcweb_cover&l=20260407214633EDAE5BDD374239FDAA8D,,,,https://www.douyin.com/aweme/v1/play/?video_id=v0300fg10000d6s2lhnog65o9lt9j490&line=0&file_id=f7788ba356a640d18d9b624b72548c97&sign=1875bba8b463f7b449815dca9284800d&is_play_url=1&source=PackSourceEnum_AWEME_DETAIL
个护家清,7617442304886188258,桃桃球,279988,春天总得做一次豆沙玫瑰渐变吧～ #美甲分享 #美甲教程 #美甲 #猫眼美甲 #渐变美甲,48335,371,26896,11356,22秒,https://www.douyin.com/video/7617442304886188258,2026-3-15 19:26,无,https://p3-pc-sign.douyinpic.com/obj/tos-cn-i-0813/os2AmaAxiwXCayzbBIpwaZliEAJA262wvgIAP?lk3s=138a59ce&x-expires=1776780000&x-signature=OWL86ET8Lfx2z39ssuYH4BDBO8k%3D&from=327834062_large&s=PackSourceEnum_AWEME_DETAIL&se=false&sc=dynamic_cover&biz_tag=pcweb_cover&l=20260407222351A7E82DC92A3186F67888,,,,https://www.douyin.com/aweme/v1/play/?video_id=v0300fg10000d6r9d47og65kq5eh48gg&line=0&file_id=3240c8d45e5749d6810dc7306ce15641&sign=51246a096a0ddaa4e4056a15a5cf26e6&is_play_url=1&source=PackSourceEnum_AWEME_DETAIL
个护家清,7617026092507545265,晓晓家Nice萘诗设计美甲,49983,敲汹的灭霸喵🐱 #穿戴甲 #超好看的美甲 #清透小短甲 #少女心美甲 #可爱美甲,507785,10769,159133,280639,11秒,https://www.douyin.com/video/7617026092507545265,2026-3-14 16:31,无,https://p3-pc-sign.douyinpic.com/obj/tos-cn-i-0813c000-ce/oA4Ybvc0wyqAi1CAxExAaANPpBAIM34BiHL2U?lk3s=138a59ce&x-expires=1776776400&x-signature=Jnl8wkk6rWas8%2F2mgvn7uH2maS0%3D&from=327834062_large&s=PackSourceEnum_AWEME_DETAIL&se=false&sc=dynamic_cover&biz_tag=pcweb_cover&l=202604072108527437651EE89489F4469A,,,,https://www.douyin.com/aweme/v1/play/?video_id=v2700fgi0000d6qhp3fog65l2dkh3oo0&line=0&file_id=4bd1017c2542457ebdae561c0a8d61cd&sign=fbcc727df3b7428b622956cf966fbd69&is_play_url=1&source=PackSourceEnum_AWEME_DETAIL
个护家清,7616989003976100708,牛马碎碎念,3699,送勺子！他家全线产品没有一个拉垮的！#闻梨 #磨砂膏 #洗护好物#平价磨砂膏,45331,405,23118,7297,29秒,https://www.douyin.com/video/7616989003976100708,2026-3-14 14:07,有,https://p3-pc-sign.douyinpic.com/obj/tos-cn-p-0015/o8eoLF8AEQFQgRtHPpfqsarA9KoipDDPADCyBR?lk3s=138a59ce&x-expires=1776783600&x-signature=BvIfXCs6%2BO6L4bh%2Ba7b2nm5ykFE%3D&from=327834062_large&s=PackSourceEnum_AWEME_DETAIL&se=false&sc=dynamic_cover&biz_tag=pcweb_cover&l=20260407232624529E87DF2DEC55019F58,18410127,3555983235815187114,https://compass.jinritemai.com/shop/chance/rank-video/detail?video_id=7616989003976100708&video_shop_id=18410127&source=shipinxiaoliangbang&prepages%5B0%5D=%2Fshop%2Fchance%2Frank-video&from_page=%2Fshop%2Fchance%2Fvideo-rank&btm_ppre=a6187.b916250.c0.d0&btm_pre=a6187.b282694.c0.d0&btm_show_id=5e56fa53-b131-4142-a45a-3bc2543e688e,https://www.douyin.com/aweme/v1/play/?video_id=v0300fg10000d6qflavog65kf50u75r0&line=0&file_id=98a9124a9ad548e3a46749bd4facd998&sign=a516ce7f6d2c0d7958914cd390481fbd&is_play_url=1&source=PackSourceEnum_AWEME_DETAIL
服饰内衣,7616683424795152841,Wuli雪糕,917121,什么防晒这么嚣张？本户外爱好者看看怎么个事儿#户外#防晒#骆驼素颜美白防晒霜,43942,114,481,561,2分13秒,https://www.douyin.com/video/7616683424795152841,2026-3-14 10:00,有,https://p3-pc-sign.douyinpic.com/obj/tos-cn-i-dy/9a35ed2b621845adbaefe65696676260?lk3s=138a59ce&x-expires=1776783600&x-signature=oAaLGezXZohC%2Bv%2Bx7mXc5nmfRDs%3D&from=327834062_large&s=PackSourceEnum_AWEME_DETAIL&se=false&sc=dynamic_cover&biz_tag=pcweb_cover&l=20260407234658EB02AAEE305A76089F2A,164440261,3748378644842676235,https://compass.jinritemai.com/shop/chance/rank-video/detail?video_id=7616683424795152841&video_shop_id=164440261&source=shipinxiaoliangbang&prepages%5B0%5D=%2Fshop%2Fchance%2Frank-video&from_page=%2Fshop%2Fchance%2Fvideo-rank&btm_ppre=a6187.b916250.c0.d0&btm_pre=a6187.b282694.c0.d0&btm_show_id=5e56fa53-b131-4142-a45a-3bc2543e688e,https://www.douyin.com/aweme/v1/play/?video_id=v0200fg10000d6pu907og65q9dlo67p0&line=0&file_id=b8792add0b5d4ebf9495b29be81a02ed&sign=0c16c39379d84f5e7ae484f5437312bf&is_play_url=1&source=PackSourceEnum_AWEME_DETAIL
服饰内衣,7616608172786126130,叶老板（好物分享版）,726872,关于艺考生的美白速度有多快【建议跟练版】#爆改#护肤#皮肤管理#美白#半亩花田美白身体乳,48060,258,1581,856,2分25秒,https://www.douyin.com/video/7616608172786126130,2026-3-13 16:59,有,https://p9-pc-sign.douyinpic.com/obj/tos-cn-i-dy/2f9c802512a74acab91bdfcd103db1d7?lk3s=138a59ce&x-expires=1776780000&x-signature=RLEPFK4yr8TokCIlFZ6DMYtAPBY%3D&from=327834062_large&s=PackSourceEnum_AWEME_DETAIL&se=false&sc=dynamic_cover&biz_tag=pcweb_cover&l=202604072223101B0B438FD4C0FCE6104F,286769,3670463662402961755,https://compass.jinritemai.com/shop/chance/rank-video/detail?video_id=7616608172786126130&video_shop_id=286769&source=shipinxiaoliangbang&prepages%5B0%5D=%2Fshop%2Fchance%2Frank-video&from_page=%2Fshop%2Fchance%2Fvideo-rank&btm_ppre=a6187.b916250.c0.d0&btm_pre=a6187.b282694.c0.d0&btm_show_id=5e56fa53-b131-4142-a45a-3bc2543e688e,https://www.douyin.com/aweme/v1/play/?video_id=v0300fg10000d6pprmnog65sheb136a0&line=0&file_id=a0cf2b0d7f8c41e5ab5e18ab57962e97&sign=3a31c4400e4254aceb1cb6228d2ce11d&is_play_url=1&source=PackSourceEnum_AWEME_DETAIL
服饰内衣,7616324381882565605,胡琳,461649,超较细！真教学！女明星的眼线原来是这样画的！#眼线胶笔 #干货 #眼线教学,59053,1047,32282,8838,1分37秒,https://www.douyin.com/video/7616324381882565605,2026-3-12 19:08,有,https://p3-pc-sign.douyinpic.com/obj/tos-cn-i-0813c000-ce/oAIAlpdAQCpAVw9aspQAFFEE6PDfFsAFGf0oVo?lk3s=138a59ce&x-expires=1776780000&x-signature=juGFwYDUEBJUhq4ycSJh2P05Q58%3D&from=327834062_large&s=PackSourceEnum_AWEME_DETAIL&se=false&sc=dynamic_cover&biz_tag=pcweb_cover&l=20260407220407286E50DCC1F509D9FC26,24336315,3747969761875722608,https://compass.jinritemai.com/shop/chance/rank-video/detail?video_id=7616324381882565605&video_shop_id=24336315&source=shipinxiaoliangbang&prepages%5B0%5D=%2Fshop%2Fchance%2Frank-video&from_page=%2Fshop%2Fchance%2Fvideo-rank&btm_ppre=a6187.b916250.c0.d0&btm_pre=a6187.b282694.c0.d0&btm_show_id=5e56fa53-b131-4142-a45a-3bc2543e688e,https://www.douyin.com/aweme/v1/play/?video_id=v2800fgi0000d6p9pcnog65gt4dcpocg&line=0&file_id=0e660f8d46f94436bd793bbb106b2c72&sign=f7faa54569840094b85a01d93cbbb4e1&is_play_url=1&source=PackSourceEnum_AWEME_DETAIL
服饰内衣,7616314801261722346,大王要争气,6510,闻梨宝藏小众精油磨砂膏！趁着没完全断货可以试试哈#闻梨 #磨砂膏,51333,1022,27406,7067,48秒,https://www.douyin.com/video/7616314801261722346,2026-3-12 18:31,有,https://p3-pc-sign.douyinpic.com/obj/tos-cn-i-0813/ogTZLr4VgAS8EyQBQrAKKBAfA7LerEejcAOGvI?lk3s=138a59ce&x-expires=1776780000&x-signature=0CuXUxqH0ReRrXTBmHt%2BJvh87Zw%3D&from=327834062_large&s=PackSourceEnum_AWEME_DETAIL&se=false&sc=dynamic_cover&biz_tag=pcweb_cover&l=20260407221611294F27F19337FF1D90E5,18410127,3555983235815187114,https://compass.jinritemai.com/shop/chance/rank-video/detail?video_id=7616314801261722346&video_shop_id=18410127&source=shipinxiaoliangbang&prepages%5B0%5D=%2Fshop%2Fchance%2Frank-video&from_page=%2Fshop%2Fchance%2Fvideo-rank&btm_ppre=a6187.b916250.c0.d0&btm_pre=a6187.b282694.c0.d0&btm_show_id=5e56fa53-b131-4142-a45a-3bc2543e688e,https://www.douyin.com/aweme/v1/play/?video_id=v0200fg10000d6p9b9fog65usj8irf1g&line=0&file_id=cc6d76f4e3144eaf9f77f62337a832cb&sign=b83c526a76e69a5bf5368c9f0e5f9b02&is_play_url=1&source=PackSourceEnum_AWEME_DETAIL
食品饮料,7616020184290396587,小徐呀（4.7早上9点BABI定妆喷雾）,5362795,看了我的舞蹈，我亲爱的导师气尽可消了吧～🤣🤣#搞笑 #研究生 #记录真实生活,121045,1627,2328,12574,1分8秒,https://www.douyin.com/video/7616020184290396587,2026-3-11 23:28,无,https://p3-pc-sign.douyinpic.com/obj/tos-cn-i-0813c001/o4E67AGFYFxeQAO9jeeCaHBIAucLIBTqBQAAAk?lk3s=138a59ce&x-expires=1776776400&x-signature=Y4vAsbVlXfMcHjkIK8x520j5Syo%3D&from=327834062_large&s=PackSourceEnum_AWEME_DETAIL&se=false&sc=dynamic_cover&biz_tag=pcweb_cover&l=202604072120194B73E30D71DA7006E1F4,,,,https://www.douyin.com/aweme/v1/play/?video_id=v0d00fg10000d6ooj9fog65l4imt0g8g&line=0&file_id=08bb206bd1fc4d24a105cdb148e7d4f7&sign=fac3f0ecea9f1b5b20cafa23e19c2ca7&is_play_url=1&source=PackSourceEnum_AWEME_DETAIL
食品饮料,7615816870221925666,柳丝木官方防晒直播间,335653,柳丝木防晒怎么选？日常通勤选光胶囊，户外暴晒选粉胶囊#柳丝木防晒 #蔡徐坤柳丝木品牌全球代言人 #防晒,70741,1343,6045,12167,17秒,https://www.douyin.com/video/7615816870221925666,2026-3-11 10:19,无,https://p3-pc-sign.douyinpic.com/obj/tos-cn-i-dy/cfa605e41439489cbe15406baddf3230?lk3s=138a59ce&x-expires=1776776400&x-signature=FgOTxCt29NZf1EHdy4PoMQTzzUA%3D&from=327834062_large&s=PackSourceEnum_AWEME_DETAIL&se=false&sc=dynamic_cover&biz_tag=pcweb_cover&l=20260407215625B12C959274B2B6F64812,,,,https://www.douyin.com/aweme/v1/play/?video_id=v0200fg10000d6od1anog65ost8i86ig&line=0&file_id=0bc6c1475a5e4cd7a535223eaa1d0c87&sign=5f3a32c8e584916fde878b33070baf0d&is_play_url=1&source=PackSourceEnum_AWEME_DETAIL
食品饮料,7615644808879780709,小小荷包蛋,4007,夏天不想要自己身上充满体味汗味的一定要备上这个！#香水 #伪体香 #香氛喷雾 #持久留香 #去味喷雾,126344,1660,39703,10853,23秒,https://www.douyin.com/video/7615644808879780709,2026-3-10 23:11,有,https://p3-pc-sign.douyinpic.com/obj/tos-cn-p-0015c000-ce/o4ioJIg02AHxEoPBi5UBSeNCe0wfILUyAkPwIB?lk3s=138a59ce&x-expires=1776776400&x-signature=6TbssQeR0aU%2FSN%2FtNCzcm%2BguJpI%3D&from=327834062_large&s=PackSourceEnum_AWEME_DETAIL&se=false&sc=dynamic_cover&biz_tag=pcweb_cover&l=202604072119020B8075EB4A7712E1F095,39978152,3786230962610897042,https://compass.jinritemai.com/shop/chance/rank-video/detail?video_id=7615644808879780709&video_shop_id=39978152&source=shipinxiaoliangbang&prepages%5B0%5D=%2Fshop%2Fchance%2Frank-video&from_page=%2Fshop%2Fchance%2Fvideo-rank&btm_ppre=a6187.b916250.c0.d0&btm_pre=a6187.b282694.c0.d0&btm_show_id=5e56fa53-b131-4142-a45a-3bc2543e688e,https://www.douyin.com/aweme/v1/play/?video_id=v1e00fgi0000d6o387vog65pi52j387g&line=0&file_id=17c81f1379b044a696ef99d8ba459733&sign=8cd203a58ec048341341256522138d0c&is_play_url=1&source=PackSourceEnum_AWEME_DETAIL
酒类,7615083731199544619,妙妙分享屋,4462,【流苏吻花】春夏新款流苏蝴蝶网纱花朵抓夹气质百搭显发量鲨鱼夹#头饰发饰 #美出高级感 #精致女人必备,70612,1135,38259,12276,1分24秒,https://www.douyin.com/video/7615083731199544619,2026-3-9 10:54,有,https://p3-pc-sign.douyinpic.com/image-cut-tos-priv/f3fcb8b371c0b9bca43288c868dab2ea~tplv-dy-resize-origshort-autoq-75:330.jpeg?lk3s=138a59ce&x-expires=2090930400&x-signature=kB7jVcTYPwA1%2BX%2F8aXnpLn%2BYKPk%3D&from=327834062&s=PackSourceEnum_AWEME_DETAIL&se=false&sc=cover&biz_tag=pcweb_cover&l=20260407220908089C7BDB2D331BE307E3,232026304,3783854896600711320,https://compass.jinritemai.com/shop/chance/rank-video/detail?video_id=7615083731199544619&video_shop_id=232026304&source=shipinxiaoliangbang&prepages%5B0%5D=%2Fshop%2Fchance%2Frank-video&from_page=%2Fshop%2Fchance%2Fvideo-rank&btm_ppre=a6187.b916250.c0.d0&btm_pre=a6187.b282694.c0.d0&btm_show_id=5e56fa53-b131-4142-a45a-3bc2543e688e,https://www.douyin.com/aweme/v1/play/?video_id=v03033g10000d6n3ck7og65n9u1o2i90&line=0&file_id=64baeac952044d6596e0f485d36a24b2&sign=c43cd312cee1cbf3d113f77e9ef9cf3f&is_play_url=1&source=PackSourceEnum_AWEME_DETAIL
生鲜水果,7614810844304989312,吴艳妮Jennie,5298916,我的生命力，不止一种节拍 #茵缇玛护理液#intima和她的朋友们#和Intima一起过春天#女性生命力,55115,1696,1648,997,1分19秒,https://www.douyin.com/video/7614810844304989312,2026-3-8 19:30,无,https://p3-pc-sign.douyinpic.com/obj/tos-cn-i-0813c001/oAAAAAh0NiOAAeZI84tfCiP1CBW0ipEyPljCFg?lk3s=138a59ce&x-expires=1776780000&x-signature=FxL0YFlHpBPtP%2B0UKQKNQEKaaqc%3D&from=327834062_large&s=PackSourceEnum_AWEME_DETAIL&se=false&sc=dynamic_cover&biz_tag=pcweb_cover&l=20260407221023F7AFA092FD16AF07E8EF,,,,https://www.douyin.com/aweme/v1/play/?video_id=v0d00fg10000d6mjpsfog65nkuf7ue30&line=0&file_id=6941458c5c2f4cfbb22603b49cff91bc&sign=d9586db9f5ef056eb38d1897e842c71e&is_play_url=1&source=PackSourceEnum_AWEME_DETAIL
生鲜水果,7614455194550868849,发财小千,109810,当柜姐遇到（洁癖姐） #洁癖 #柜姐 #推荐 #分享 #彩妆,61334,442,7686,2184,1分9秒,https://www.douyin.com/video/7614455194550868849,2026-3-7 18:15,无,https://p9-pc-sign.douyinpic.com/obj/tos-cn-i-0813c000-ce/oMFI9e6qImpDc1rK6XdGeTe2VPALAAfAA8AmQZ?lk3s=138a59ce&x-expires=1776780000&x-signature=UpK5rpONEnSmu%2FwAM3PUrVAJexY%3D&from=327834062_large&s=PackSourceEnum_AWEME_DETAIL&se=false&sc=dynamic_cover&biz_tag=pcweb_cover&l=20260407220827B389BC52980607147534,,,,https://www.douyin.com/aweme/v1/play/?video_id=v2700fgi0000d6lvklfog65lf6kbfrj0&line=0&file_id=424304f6b0124b9a9b7af70dc0425b2c&sign=633e011c824e800543254644e8b7fcb3&is_play_url=1&source=PackSourceEnum_AWEME_DETAIL
生鲜水果,7614419961360010559,达肤妍官方旗舰店,1965054,启幕｜与TA，赴凉山之约 去凉山 去看索玛花生长的地方，去看太阳照耀的印记  精简修护的答案，不是对抗痕迹—— 是让每一道痕迹，都成为光进来的地方  3月12日 1102 达肤妍携全球品牌代言人 启程四川凉山，赴全新修护之旅#达肤妍  #达肤妍全球品牌代言人  #达肤妍修护之旅  #达肤妍修护之旅彝族篇  #精简修护,76343,5275,4822,6353,15秒,https://www.douyin.com/video/7614419961360010559,2026-3-8 18:18,无,https://p3-pc-sign.douyinpic.com/obj/tos-cn-i-dy/232dd2d06c064b148f784b18b213004d?lk3s=138a59ce&x-expires=1776776400&x-signature=8rqv2Qy0UOTjaM8MVZ0PqcGyn3A%3D&from=327834062_large&s=PackSourceEnum_AWEME_DETAIL&se=false&sc=dynamic_cover&biz_tag=pcweb_cover&l=20260407214827B3D8AF465D2941DF20D7,,,,https://www.douyin.com/aweme/v1/play/?video_id=v0200fg10000d6lr09fog65ugj0lf60g&line=0&file_id=02b7550296fd4da6bbfb8590c3c55ebb&sign=2a94df63c5c76300fdde2334e16213f2&is_play_url=1&source=PackSourceEnum_AWEME_DETAIL
生鲜水果,7614130991297380083,小鱼游水,4794,痘痘闭口多的真的别错过！巨好用的壬二酸水杨酸组合！#壬二酸 #水杨酸 #痘痘 #闭口 #学生党好物推荐,71597,1420,30779,6568,11秒,https://www.douyin.com/video/7614130991297380083,2026-3-6 21:17,有,https://p3-pc-sign.douyinpic.com/obj/tos-cn-i-0813c001/ooqAayAKiwTCrb7aBIrpap0iEApA86MyvgIAP?lk3s=138a59ce&x-expires=1776776400&x-signature=%2B%2B%2B69r1ci1o%2FwYXEheF19l0ahC4%3D&from=327834062_large&s=PackSourceEnum_AWEME_DETAIL&se=false&sc=dynamic_cover&biz_tag=pcweb_cover&l=20260407215624B63A0AED8B021F1A7D5C,102310803,3623574860741104945,https://compass.jinritemai.com/shop/chance/rank-video/detail?video_id=7614130991297380083&video_shop_id=102310803&source=shipinxiaoliangbang&prepages%5B0%5D=%2Fshop%2Fchance%2Frank-video&from_page=%2Fshop%2Fchance%2Fvideo-rank&btm_ppre=a6187.b916250.c0.d0&btm_pre=a6187.b282694.c0.d0&btm_show_id=5e56fa53-b131-4142-a45a-3bc2543e688e,https://www.douyin.com/aweme/v1/play/?video_id=v0300fg10000d6ld4qvog65nbpppekpg&line=0&file_id=1e3d41af3f9d4bcd892c410751033871&sign=41a07cf52a8698456921760ef021cfa9&is_play_url=1&source=PackSourceEnum_AWEME_DETAIL
生鲜水果,7614089442302741794,小鱼海棠,18346311,背着老公，伙同闺蜜“离家出走”！#小鱼海棠,479940,3303,103800,25798,4分54秒,https://www.douyin.com/video/7614089442302741794,2026-3-7 16:00,有,https://p3-pc-sign.douyinpic.com/obj/tos-cn-i-dy/33a1aec353ac457c9dfdcbda31cb30c8?lk3s=138a59ce&x-expires=1776776400&x-signature=cSDOtf4ojysJnY1tjr10yIbldw0%3D&from=327834062_large&s=PackSourceEnum_AWEME_DETAIL&se=false&sc=dynamic_cover&biz_tag=pcweb_cover&l=202604072108535AAF814D5B2112F0778B,2063532,3506047239640449211,https://compass.jinritemai.com/shop/chance/rank-video/detail?video_id=7614089442302741794&video_shop_id=2063532&source=shipinxiaoliangbang&prepages%5B0%5D=%2Fshop%2Fchance%2Frank-video&from_page=%2Fshop%2Fchance%2Fvideo-rank&btm_ppre=a6187.b916250.c0.d0&btm_pre=a6187.b282694.c0.d0&btm_show_id=5e56fa53-b131-4142-a45a-3bc2543e688e,https://www.douyin.com/aweme/v1/play/?video_id=v0d00fg10000d6lao2nog65i299aan60&line=0&file_id=7d000055c3e54cb185a2d32d1f807935&sign=9b5c025b0c1a9199b7157785a8de2835&is_play_url=1&source=PackSourceEnum_AWEME_DETAIL
生鲜水果,7614020544207277318,温峥嵘,3777914,从工作到度假，始终在线的好气色，清透不假面全靠它 #小奥汀水精华粉底棒 #新年妆一妆,107102,2939,8711,1127,2分44秒,https://www.douyin.com/video/7614020544207277318,2026-3-6 18:30,无,https://p3-pc-sign.douyinpic.com/obj/tos-cn-i-dy/da7c1fb9ddca410ea850dfe8364055aa?lk3s=138a59ce&x-expires=1776776400&x-signature=0m4O3wAFf%2FgOb%2Fi%2F9T5zkATAjCc%3D&from=327834062_large&s=PackSourceEnum_AWEME_DETAIL&se=false&sc=dynamic_cover&biz_tag=pcweb_cover&l=20260407213519E6C9548A1C5297CED87F,,,,https://www.douyin.com/aweme/v1/play/?video_id=v0d00fg10000d6l6tcfog65rl2g82d7g&line=0&file_id=762184ac5f2d4ba39cb3f32884844880&sign=eeb975cc0848efb984b79b8518780a47&is_play_url=1&source=PackSourceEnum_AWEME_DETAIL
生鲜水果,7613368533632666278,蝶诗舞设计穿戴甲,297475,🍬 梦幻夏日多巴胺  太温柔啦～ #渐变美甲 #多巴胺美甲 #夏日美甲 #糖果色美甲 #蝶诗舞设计穿戴甲,186814,1537,120365,96194,5秒,https://www.douyin.com/video/7613368533632666278,2026-3-4 19:58,无,https://p9-pc-sign.douyinpic.com/obj/tos-cn-i-0813c001/oYDDAEvA5QPqXFHAnNefF08KrlAsC9gTQpIBAA?lk3s=138a59ce&x-expires=1776776400&x-signature=VAtOoCt7bZjgMhBhHgRGYuKgq1I%3D&from=327834062_large&s=PackSourceEnum_AWEME_DETAIL&se=false&sc=dynamic_cover&biz_tag=pcweb_cover&l=202604072113202AC0A9611C79EEB43927,,,,https://www.douyin.com/aweme/v1/play/?video_id=v0d00fg10000d6k1rvnog65hlc82vfh0&line=0&file_id=6f76b3eb7b024a63ac1481eaae9398c7&sign=2411fbbdf30be9d2129521370ac51127&is_play_url=1&source=PackSourceEnum_AWEME_DETAIL
生鲜水果,7613271952739847478,秦苒,10496488,全世界都觉得你高冷，只有我知道你有多温柔 #爱敬小奶砖粉膏#爱敬粉膏#爱敬依克多因粉膏,95213,469,4323,1305,4分47秒,https://www.douyin.com/video/7613271952739847478,2026-3-4 18:00,有,https://p9-pc-sign.douyinpic.com/obj/tos-cn-i-dy/dd07bcf08ba2442abccff0961a6d7b8a?lk3s=138a59ce&x-expires=1776776400&x-signature=R%2F65q0AycDHZBo4rrEuQxj0lhr8%3D&from=327834062_large&s=PackSourceEnum_AWEME_DETAIL&se=false&sc=dynamic_cover&biz_tag=pcweb_cover&l=20260407213859576D5E48D9A778EC9CFD,235598453,3798682667571085401,https://compass.jinritemai.com/shop/chance/rank-video/detail?video_id=7613271952739847478&video_shop_id=235598453&source=shipinxiaoliangbang&prepages%5B0%5D=%2Fshop%2Fchance%2Frank-video&from_page=%2Fshop%2Fchance%2Fvideo-rank&btm_ppre=a6187.b916250.c0.d0&btm_pre=a6187.b282694.c0.d0&btm_show_id=5e56fa53-b131-4142-a45a-3bc2543e688e,https://www.douyin.com/aweme/v1/play/?video_id=v0200fg10000d6jsauvog65gvtjmc2h0&line=0&file_id=a5eb2a8c78794f53b2d840c40ce83e70&sign=53608920fe0cbbdac62d7ad7b51c66f9&is_play_url=1&source=PackSourceEnum_AWEME_DETAIL
生鲜水果,7613241387769242707,戏精少女-小胡,6447028,这绝对是我有史以来最野性的一次！ #丽江 #狼女 #骑马 #溪木源山茶花水乳 #礼绽东方,333429,10883,84500,70750,4分55秒,https://www.douyin.com/video/7613241387769242707,2026-3-4 16:03,无,https://p3-pc-sign.douyinpic.com/obj/tos-cn-i-0813c001/oQfpnq9CAZDpFn6ESqFq0EArATAeIgCp66ACkA?lk3s=138a59ce&x-expires=1776776400&x-signature=MBONgGl6%2B%2Bk2QKFHa%2BX2FcnEkNg%3D&from=327834062_large&s=PackSourceEnum_AWEME_DETAIL&se=false&sc=dynamic_cover&biz_tag=pcweb_cover&l=20260407210932E3C640CA162451DB16AB,,,,https://www.douyin.com/aweme/v1/play/?video_id=v0200fg10000d6jqkdvog65pdhejhfsg&line=0&file_id=81d9eadfce104c7e86edf7b4968f74ec&sign=0ab3899ad9c2942bcec2348e325cb282&is_play_url=1&source=PackSourceEnum_AWEME_DETAIL
生鲜水果,7612990972075755877,痞幼,25927521,带保洁阿姨上三亚,219839,5581,6567,12771,4分58秒,https://www.douyin.com/video/7612990972075755877,2026-3-4 18:00,有,https://p3-pc-sign.douyinpic.com/obj/tos-cn-p-0015c000-ce/o06EWwDsFYOSpxmNK9LRABKAmePIIoCfwpsmPE?lk3s=138a59ce&x-expires=1776776400&x-signature=0fz9cEglbuWgLkuVaWkps7HTZT8%3D&from=327834062_large&s=PackSourceEnum_AWEME_DETAIL&se=false&sc=dynamic_cover&biz_tag=pcweb_cover&l=20260407211128612236FC384849DCC041,114997717,3678452374848012464,https://compass.jinritemai.com/shop/chance/rank-video/detail?video_id=7612990972075755877&video_shop_id=114997717&source=shipinxiaoliangbang&prepages%5B0%5D=%2Fshop%2Fchance%2Frank-video&from_page=%2Fshop%2Fchance%2Fvideo-rank&btm_ppre=a6187.b916250.c0.d0&btm_pre=a6187.b282694.c0.d0&btm_show_id=5e56fa53-b131-4142-a45a-3bc2543e688e,https://www.douyin.com/aweme/v1/play/?video_id=v2800fgi0000d6jcb4nog65uj9hske8g&line=0&file_id=78b495cef381427a98206b5a35660e2e&sign=f3122c2cd9b7fd1a17b8096c8a8877a9&is_play_url=1&source=PackSourceEnum_AWEME_DETAIL
生鲜水果,7612933227657495717,方老板Taro_,2955289,反催婚成功！不婚主义的好状态依旧稳定发挥～#可复美胶原水乳#护肤,61667,354,1232,648,2分20秒,https://www.douyin.com/video/7612933227657495717,2026-3-3 17:13,无,https://p9-pc-sign.douyinpic.com/obj/tos-cn-i-0813c000-ce/ocDAnMChIkaiSFEAP93iPQTv4BIAvbaAmamdA?lk3s=138a59ce&x-expires=1776780000&x-signature=bjfaRd404E35hHp1i%2B306GvYVXk%3D&from=327834062_large&s=PackSourceEnum_AWEME_DETAIL&se=false&sc=dynamic_cover&biz_tag=pcweb_cover&l=20260407220017ACE4BAC51FE588FB7E7B,,,,https://www.douyin.com/aweme/v1/play/?video_id=v1e00fgi0000d6j94dfog65rg9aut8s0&line=0&file_id=92f90ed052ae46d48463f2fe6346dc4c&sign=6b2535ee2973222ffea4881aab2f6382&is_play_url=1&source=PackSourceEnum_AWEME_DETAIL
生鲜水果,7612863339895672243,小王会发财,9215,姐妹们#半亩花田美白磨砂膏 真的太爱了！洗完又亮又嫩，美白特证的含金量谁懂啊！直接打在包装上！给我冲#磨砂膏推荐#美白磨砂膏#身体护理#半亩花田,77466,1897,44916,22001,26秒,https://www.douyin.com/video/7612863339895672243,2026-3-3 11:17,有,https://p3-pc-sign.douyinpic.com/obj/tos-cn-i-0813/ocz3EHABIvAm5iawAIUCZAQAaAPTztS5AigWh?lk3s=138a59ce&x-expires=1776776400&x-signature=PiQddIpsF51CU3r1UdtuDZkZdLY%3D&from=327834062_large&s=PackSourceEnum_AWEME_DETAIL&se=false&sc=dynamic_cover&biz_tag=pcweb_cover&l=20260407214708A79AFF9EB7E40CDA6AA0,286769,3555253604623498333,https://compass.jinritemai.com/shop/chance/rank-video/detail?video_id=7612863339895672243&video_shop_id=286769&source=shipinxiaoliangbang&prepages%5B0%5D=%2Fshop%2Fchance%2Frank-video&from_page=%2Fshop%2Fchance%2Fvideo-rank&btm_ppre=a6187.b916250.c0.d0&btm_pre=a6187.b282694.c0.d0&btm_show_id=5e56fa53-b131-4142-a45a-3bc2543e688e,https://www.douyin.com/aweme/v1/play/?video_id=v0300fg10000d6j553fog65orlltke1g&line=0&file_id=e8958c083ed04e37a1c8139611fce0fa&sign=8619385358a16910c4cefbf51cd207ee&is_play_url=1&source=PackSourceEnum_AWEME_DETAIL
生鲜水果,7612547859463851327,Sisley法国希思黎,373971,适当的运动，为身体蓄能。简洁的护肤，为肌肤充电。法国希思黎首位全球品牌代言人#王俊凯，以#希思黎黑玫瑰 系列的澎湃能量，开启活力满满的一天！让我们跟随镜头，一窥他洗漱台上的「鲜活肌密」！ 即刻前往法国希思黎抖音官方旗舰店，解锁小凯同款，领略黑玫瑰焕变之力！#Sisley法国希思黎  #王俊凯代言  #希思黎黑玫瑰紫弹精华,47768,2901,3335,4577,43秒,https://www.douyin.com/video/7612547859463851327,2026-3-2 18:00,无,https://p3-pc-sign.douyinpic.com/obj/tos-cn-i-dy/9b54a5299972444db6eb4be1404fd311?lk3s=138a59ce&x-expires=1776780000&x-signature=ZON0Byh6%2BiKzQOsiFVhHEeEkH30%3D&from=327834062_large&s=PackSourceEnum_AWEME_DETAIL&se=false&sc=dynamic_cover&biz_tag=pcweb_cover&l=202604072221496D4764894CDB62FBAC6F,,,,https://www.douyin.com/aweme/v1/play/?video_id=v0200fg10000d6ij70vog65m60hlc0t0&line=0&file_id=b653fda4ad1a4e6e9628e12d654f8836&sign=9a8f3bb922b6e8907582a5e3acf0e85e&is_play_url=1&source=PackSourceEnum_AWEME_DETAIL
生鲜水果,7612526993548243636,悠米大人,534789,正愁找不到理由拍视频呢#素颜 #护肤 #芙清凉茶水乳,69743,1547,4822,4545,46秒,https://www.douyin.com/video/7612526993548243636,2026-3-2 17:30,无,https://p3-pc-sign.douyinpic.com/obj/tos-cn-i-0813/o4AAigiIEAg0ep0PkIiCluCDsPB2hAA1BCpeAy?lk3s=138a59ce&x-expires=1776776400&x-signature=HvxWNYtn6evKPTPpqDmxbOj1Dj4%3D&from=327834062_large&s=PackSourceEnum_AWEME_DETAIL&se=false&sc=dynamic_cover&biz_tag=pcweb_cover&l=20260407215350E66C75924CC9F8DF1BBD,,,,https://www.douyin.com/aweme/v1/play/?video_id=v0200fg10000d6ii1onog65gbeih6vfg&line=0&file_id=2a3dc6bb02e64e2192b734cfcf9787dd&sign=82cc171b62227d935d40e51a698d2b41&is_play_url=1&source=PackSourceEnum_AWEME_DETAIL
生鲜水果,7612264579938241826,一枝南南,4869576,这只唇蜜我从春节涂到现在……#酵色 #酵色春日漫游系列,71223,1374,2901,889,4分29秒,https://www.douyin.com/video/7612264579938241826,2026-3-1 21:25,无,https://p3-pc-sign.douyinpic.com/obj/tos-cn-i-dy/733d0ec457bc4d46a4435798a980a66d?lk3s=138a59ce&x-expires=1776776400&x-signature=9Zo3M5Fgf%2BVds0TgLE68OgEcvKY%3D&from=327834062_large&s=PackSourceEnum_AWEME_DETAIL&se=false&sc=dynamic_cover&biz_tag=pcweb_cover&l=202604072153062731F737DAB6400FB7F6,,,,https://www.douyin.com/aweme/v1/play/?video_id=v0300fg10000d6i2rqfog65pf01ok5b0&line=0&file_id=7c858ca53356403a91af7f0dc2c28a59&sign=060c51cb6c6f3b601ccc62a3c6ed3026&is_play_url=1&source=PackSourceEnum_AWEME_DETAIL
生鲜水果,7611886340656966566,广东夫妇,67203143,广东夫妇VS黄宗泽，引爆3.8超级女神节巴黎欧莱雅大专场！巅峰对决，敬请期待！@言真 #广东夫妇,149197,3067,6274,11450,53秒,https://www.douyin.com/video/7611886340656966566,2026-3-1 13:00,无,https://p3-pc-sign.douyinpic.com/obj/tos-cn-i-0813/owkWpB0cIANmUxAA1A2iIt0A0ECegAiJ0iCK5f?lk3s=138a59ce&x-expires=1776776400&x-signature=qIF6B7WrEkc86jaQE8RCwVy62lA%3D&from=327834062_large&s=PackSourceEnum_AWEME_DETAIL&se=false&sc=dynamic_cover&biz_tag=pcweb_cover&l=202604072116261A2B128B3DA795D5700C,,,,https://www.douyin.com/aweme/v1/play/?video_id=v0d00fg10000d6hdkcvog65mhjrq05lg&line=0&file_id=4324ab6345d740f9b6ab29b4fcbc1127&sign=7a8047bfdb52f204c7e70a9be19360c3&is_play_url=1&source=PackSourceEnum_AWEME_DETAIL
生鲜水果,7611875790061309194,BABI官方旗舰店,1654042,「吴」瑕底妆持妆密码✅ 解锁非同「勋」常的小妙招！轻轻一喷，定格底妆24H 定妆不暗沉，全天出彩在线！ #BABI品牌代言人EXO世勋 #吴瑕底妆非同勋常,45226,1517,2297,15026,42秒,https://www.douyin.com/video/7611875790061309194,2026-3-2 14:54,无,https://p3-pc-sign.douyinpic.com/obj/tos-cn-i-dy/b7942315576a4a85a05da8e6d2a92a54?lk3s=138a59ce&x-expires=1776780000&x-signature=8o3AcbwRcmAH0AdPRX%2BDGkz4tXA%3D&from=327834062_large&s=PackSourceEnum_AWEME_DETAIL&se=false&sc=dynamic_cover&biz_tag=pcweb_cover&l=20260407222624D14C6DE2069E4FD1D999,,,,https://www.douyin.com/aweme/v1/play/?video_id=v0d00fg10000d6hd0uvog65o3fqdo4a0&line=0&file_id=1c00285c38ea4e3daf73d8c3d4d1df47&sign=94a61f8efabeca7b678ce9935e340294&is_play_url=1&source=PackSourceEnum_AWEME_DETAIL
生鲜水果,7611853814114635048,BABI官方旗舰店,1654019,重磅官宣｜BABI品牌代言人 欢迎 #BABI品牌代言人EXO世勋 ！ 从日常松弛的温柔瞬间，到舞台高光的锋芒时刻，每一面，皆与 BABI「简单 出色」的初心同频。 期待未来携手，共赴每一份出色！  #吴瑕底妆非同勋常,56321,2897,2460,23271,55秒,https://www.douyin.com/video/7611853814114635048,2026-3-2 10:00,无,https://p3-pc-sign.douyinpic.com/obj/tos-cn-i-dy/542397a784454d5a9505da7b2bd8ca6a?lk3s=138a59ce&x-expires=1776780000&x-signature=w%2FPEY1ahF0qjTaYw2HsIdBC90Qw%3D&from=327834062_large&s=PackSourceEnum_AWEME_DETAIL&se=false&sc=dynamic_cover&biz_tag=pcweb_cover&l=202604072206522C68BCA37FCFA1E6B677,,,,https://www.douyin.com/aweme/v1/play/?video_id=v0200fg10000d6hbopvog65to4m88kfg&line=0&file_id=c4c009dfd3f542c9bba213be3b4ee661&sign=1d2f925afa01fcafdb21ad4321e20d9c&is_play_url=1&source=PackSourceEnum_AWEME_DETAIL
生鲜水果,7611834211737095475,一只霹雳文⚡️,1359764,极端紫外线现场实测！下泳池、爆汗一整天，防晒喷雾真的有用吗？ #防晒喷雾#防晒#测评#防晒水,44958,433,5167,6790,2分36秒,https://www.douyin.com/video/7611834211737095475,2026-2-28 18:26,无,https://p3-pc-sign.douyinpic.com/obj/tos-cn-i-dy/9b2617fbaaad4c4ca572c47fbe83b612?lk3s=138a59ce&x-expires=1776780000&x-signature=sexCIsO9SXbow8bKirsWhSIT8aY%3D&from=327834062_large&s=PackSourceEnum_AWEME_DETAIL&se=false&sc=dynamic_cover&biz_tag=pcweb_cover&l=20260407222701AF1E679A999836FFA951,,,,https://www.douyin.com/aweme/v1/play/?video_id=v0300fg10000d6hadgnog65igvgisidg&line=0&file_id=e649b8e859a248f7bd909c782c58efd3&sign=11112d3106c80098b2d5b50bf81909ad&is_play_url=1&source=PackSourceEnum_AWEME_DETAIL
生鲜水果,7611748374009613578,陈嘉一,1428931,换季不稳？熬夜暗沉？泛红敏感？#希思黎全能乳液全拿捏！#全能乳液升级版#护肤#屏障修护,45571,102,233,171,1分38秒,https://www.douyin.com/video/7611748374009613578,2026-2-28 17:01,无,https://p3-pc-sign.douyinpic.com/obj/tos-cn-i-dy/15b3797ef28d4968b48692ac47df1d65?lk3s=138a59ce&x-expires=1776780000&x-signature=0gvQmdYTCJOdduiBpbtZZfwZWd8%3D&from=327834062_large&s=PackSourceEnum_AWEME_DETAIL&se=false&sc=dynamic_cover&biz_tag=pcweb_cover&l=20260407222544AB7B1BF3E73CD92BAC6B,,,,https://www.douyin.com/aweme/v1/play/?video_id=v0200fg10000d6h5o97og65pbe83dj80&line=0&file_id=cf0dbc02f51d4de8be2b6c34801a969c&sign=867b81eb5dc7c57cb19e94793dc040d0&is_play_url=1&source=PackSourceEnum_AWEME_DETAIL
生鲜水果,7611518088386885243,闻佳怡_,2403859,当橱窗木偶走进现实……#娇兰第四代黄金复原蜜#娇兰双效精华#送礼#橱窗木偶,72756,416,636,2407,1分40秒,https://www.douyin.com/video/7611518088386885243,2026-2-28 12:00,无,https://p3-pc-sign.douyinpic.com/obj/tos-cn-i-0813c000-ce/oMhhLiQ7AaJpGxmBI1aiP7MXEA9AOi1CiAvAR?lk3s=138a59ce&x-expires=1776776400&x-signature=rcUtTf4zXBK40AbMSuR7GrjzvgY%3D&from=327834062_large&s=PackSourceEnum_AWEME_DETAIL&se=false&sc=dynamic_cover&biz_tag=pcweb_cover&l=2026040721491007B87469BBA6C8EFE5C4,,,,https://www.douyin.com/aweme/v1/play/?video_id=v0200fg10000d6gomd7og65kfvngv9n0&line=0&file_id=e652ae7c97284dcca647a1b325e8799f&sign=d187ba9c6ae09e4f3d3f480f74c80ff2&is_play_url=1&source=PackSourceEnum_AWEME_DETAIL
生鲜水果,7611497482723429672,于宝儿yuki,1015211,后悔！美瞳盒贴纸和美瞳壳竟然有隐藏用法？之前我都扔了！！#美瞳 #kamiya #半年抛,87994,1177,35972,11588,1分30秒,https://www.douyin.com/video/7611497482723429672,2026-2-27 18:58,无,https://p3-pc-sign.douyinpic.com/obj/tos-cn-i-dy/107f8a311b0d4ff69e747f04e97d8152?lk3s=138a59ce&x-expires=1776776400&x-signature=NQCAq89fLWiWC%2BovCGj5AJiiBwE%3D&from=327834062_large&s=PackSourceEnum_AWEME_DETAIL&se=false&sc=dynamic_cover&biz_tag=pcweb_cover&l=202604072141280C4AD12C298738F541F1,,,,https://www.douyin.com/aweme/v1/play/?video_id=v0200fg10000d6gngm7og65ubvgqp7jg&line=0&file_id=87b50320592f4ff5a41f361b3a8d5b4b&sign=a6b7f9a1cefda0b692b30ce4695163b0&is_play_url=1&source=PackSourceEnum_AWEME_DETAIL
生鲜水果,7611438949428514057,章解放_,2849262,不做卡粉公主 做光感女王 #干皮气垫#爱敬美容觉气垫#第2代爱敬四色拉花气垫#养肤气垫#爱敬气垫,75078,476,2398,829,2分46秒,https://www.douyin.com/video/7611438949428514057,2026-2-27 17:44,有,https://p3-pc-sign.douyinpic.com/obj/tos-cn-i-dy/9b0ec2ec11104969b08f5c0c2b978c21?lk3s=138a59ce&x-expires=1776776400&x-signature=pEV5hKnsTDstm1my%2ByPD5rB2i9k%3D&from=327834062_large&s=PackSourceEnum_AWEME_DETAIL&se=false&sc=dynamic_cover&biz_tag=pcweb_cover&l=202604072147489EC5AEC1B585C708C804,15445689,3747266518904340922,https://compass.jinritemai.com/shop/chance/rank-video/detail?video_id=7611438949428514057&video_shop_id=15445689&source=shipinxiaoliangbang&prepages%5B0%5D=%2Fshop%2Fchance%2Frank-video&from_page=%2Fshop%2Fchance%2Fvideo-rank&btm_ppre=a6187.b916250.c0.d0&btm_pre=a6187.b282694.c0.d0&btm_show_id=5e56fa53-b131-4142-a45a-3bc2543e688e,https://www.douyin.com/aweme/v1/play/?video_id=v0300fg10000d6gk61fog65m6gijt02g&line=0&file_id=404190b3ac7145d0b9b3fb02b084ed6e&sign=60f9e980a85d06a81403ba55bf6afe9b&is_play_url=1&source=PackSourceEnum_AWEME_DETAIL
生鲜水果,7611427871555758730,橘子爱打羽毛球,6746,这味道真的惊艳到我了，不要让衣服都是难闻的味道。#香氛喷雾 #自带体香,61427,939,21394,5238,19秒,https://www.douyin.com/video/7611427871555758730,2026-2-27 14:27,有,https://p3-pc-sign.douyinpic.com/obj/tos-cn-p-0015/okeA81FoSQDy3tDAko7gfzEPpCQ59DcACzqTcB?lk3s=138a59ce&x-expires=1776780000&x-signature=nstQCWyvIA58fyK%2FEjjgtDO4Tjg%3D&from=327834062_large&s=PackSourceEnum_AWEME_DETAIL&se=false&sc=dynamic_cover&biz_tag=pcweb_cover&l=20260407220055FCDCA48995DBBC01131D,39978152,3786230962610897042,https://compass.jinritemai.com/shop/chance/rank-video/detail?video_id=7611427871555758730&video_shop_id=39978152&source=shipinxiaoliangbang&prepages%5B0%5D=%2Fshop%2Fchance%2Frank-video&from_page=%2Fshop%2Fchance%2Fvideo-rank&btm_ppre=a6187.b916250.c0.d0&btm_pre=a6187.b282694.c0.d0&btm_show_id=5e56fa53-b131-4142-a45a-3bc2543e688e,https://www.douyin.com/aweme/v1/play/?video_id=v0200fg10000d6gjidvog65mjudps9a0&line=0&file_id=e6abb991ccb04829ac3b1abfb7df36cd&sign=d97423ae6186d7aa074510c3c74aaf2c&is_play_url=1&source=PackSourceEnum_AWEME_DETAIL
生鲜水果,7611427472063948660,小鱼儿同学,72782,小脸暗沉有痘印的，真的可以试试这个377精华液！ #精华液 #精华 #无限回购的宝藏单品 #学生党好物推荐 #护肤,112820,3817,59863,11302,11秒,https://www.douyin.com/video/7611427472063948660,2026-2-27 14:25,有,https://p3-pc-sign.douyinpic.com/obj/tos-cn-p-0015/o8uh3i4ixaoQEwsBIPaiPiIoIB5RQ6dyOAPAb?lk3s=138a59ce&x-expires=1776776400&x-signature=3qJiYO%2FZetGBwFaQhMfLyffl5HU%3D&from=327834062_large&s=PackSourceEnum_AWEME_DETAIL&se=false&sc=dynamic_cover&biz_tag=pcweb_cover&l=20260407212140943598F2196F22161F1A,15630414,3705482951065206973,https://compass.jinritemai.com/shop/chance/rank-video/detail?video_id=7611427472063948660&video_shop_id=15630414&source=shipinxiaoliangbang&prepages%5B0%5D=%2Fshop%2Fchance%2Frank-video&from_page=%2Fshop%2Fchance%2Fvideo-rank&btm_ppre=a6187.b916250.c0.d0&btm_pre=a6187.b282694.c0.d0&btm_show_id=5e56fa53-b131-4142-a45a-3bc2543e688e,https://www.douyin.com/aweme/v1/play/?video_id=v0300fg10000d6gjf87og65pta5pnceg&line=0&file_id=b103667621904b85bd40edbcd70eb012&sign=cd9237ea2164164100cf8d8c8a16e9de&is_play_url=1&source=PackSourceEnum_AWEME_DETAIL
生鲜水果,7611426311701913585,周小小闹（大学宿舍）,3889117,大学校园，拖欠保洁工资！#薇诺娜特护霜 #薇诺娜 #敏感肌面霜,378078,2352,14755,29674,1分51秒,https://www.douyin.com/video/7611426311701913585,2026-2-27 17:02,无,https://p3-pc-sign.douyinpic.com/obj/tos-cn-p-0015c000-ce/ogmCZeDeFCpTLJATQ8eO7b3GgIFB8qDYiQQkQH?lk3s=138a59ce&x-expires=1776776400&x-signature=bdUAcd7ul%2B17FpLfHIvgX0PURMU%3D&from=327834062_large&s=PackSourceEnum_AWEME_DETAIL&se=false&sc=dynamic_cover&biz_tag=pcweb_cover&l=202604072109279C75AA8C84EA72FDF1E9,,,,https://www.douyin.com/aweme/v1/play/?video_id=v1e00fgi0000d6gjf0fog65ks9ggurjg&line=0&file_id=535251700e0d4dd2b39e9daccf83e7e7&sign=8050c201c97463cd0e931f4609f7deea&is_play_url=1&source=PackSourceEnum_AWEME_DETAIL
生鲜水果,7611410104919036404,Swo索索,904581,我说今天咋这么衰呢 原来是明天开学了#教师日常 #开学 #美团外卖复工5折神券 #美团外卖马上免单,332371,1522,9821,15180,3分15秒,https://www.douyin.com/video/7611410104919036404,2026-2-27 17:30,无,https://p9-pc-sign.douyinpic.com/obj/tos-cn-i-0813/oUSLNFDJ9AAm0IAp3hEEZkCAKAJgSrAQopf9eC?lk3s=138a59ce&x-expires=1776776400&x-signature=oowiVtWZMauQN3CBBK9hOnhE%2FNY%3D&from=327834062_large&s=PackSourceEnum_AWEME_DETAIL&se=false&sc=dynamic_cover&biz_tag=pcweb_cover&l=202604072109314DCBB0BAE725080530A9,,,,https://www.douyin.com/aweme/v1/play/?video_id=v0d00fg10000d6gii0fog65m6ms4en6g&line=0&file_id=57e19886764e4fc89a76241165048277&sign=055fa4f69003206c1f50d536a049f159&is_play_url=1&source=PackSourceEnum_AWEME_DETAIL
生鲜水果,7611385373742489253,慧慧优选,144903,猪油护肤50岁皮肤白白嫩嫩#护肤 #护肤美容 #护肤小知识 #护肤小妙招分享 #护肤干货,54530,4108,43138,19575,4分35秒,https://www.douyin.com/video/7611385373742489253,2026-2-27 11:42,无,https://p3-pc-sign.douyinpic.com/obj/tos-cn-p-0015c000-ce/okp6QhBAADEiYwgemE5BfFrhIEoWQQqC9RovhC?lk3s=138a59ce&x-expires=1776780000&x-signature=jZUFG9S7Ai7ijOymd982aimvhcU%3D&from=327834062_large&s=PackSourceEnum_AWEME_DETAIL&se=false&sc=dynamic_cover&biz_tag=pcweb_cover&l=20260407220947161B66653FD9C10E15FC,,,,https://www.douyin.com/aweme/v1/play/?video_id=v2800fgi0000d6gh447og65gglauo0pg&line=0&file_id=664d61f13b04483e907333638b4d6ba5&sign=fe9cebfd51a6a5976a3b06414b5f2c70&is_play_url=1&source=PackSourceEnum_AWEME_DETAIL
生鲜水果,7611225431950636864,小鱼儿同学,72786,痘痘肌真的别错过！巨巨好用的祛痘膏！ #祛痘 #痘痘 #学生党好物推荐 #无限回购的宝藏单品 #护肤,109749,2948,52295,12302,26秒,https://www.douyin.com/video/7611225431950636864,2026-2-27 1:22,有,https://p3-pc-sign.douyinpic.com/obj/tos-cn-i-0813/o4CACUBFiAYg0ggJAevXAChAn0REIDAfg0EJPi?lk3s=138a59ce&x-expires=1776776400&x-signature=OuIifgaraSAtpk%2BVJ7%2FE6CCd%2FS4%3D&from=327834062_large&s=PackSourceEnum_AWEME_DETAIL&se=false&sc=dynamic_cover&biz_tag=pcweb_cover&l=20260407213933A8C3C59528CBD6D2FF5E,10941341,3737303779754770642,https://compass.jinritemai.com/shop/chance/rank-video/detail?video_id=7611225431950636864&video_shop_id=10941341&source=shipinxiaoliangbang&prepages%5B0%5D=%2Fshop%2Fchance%2Frank-video&from_page=%2Fshop%2Fchance%2Fvideo-rank&btm_ppre=a6187.b916250.c0.d0&btm_pre=a6187.b282694.c0.d0&btm_show_id=5e56fa53-b131-4142-a45a-3bc2543e688e,https://www.douyin.com/aweme/v1/play/?video_id=v0300fg10000d6g80enog65tk431om90&line=0&file_id=8e6eb4a66bef4c1898ac16825ef2584c&sign=7a860c3ac9bf0a63cf611a5b2dd2ccfd&is_play_url=1&source=PackSourceEnum_AWEME_DETAIL
汽车,7611198255112585654,DPU官方旗舰店直播间,191522,我勒个豆！就这个 #dpu遮瑕 真是一用一个不吱声啊 防水防汗还防蹭 妆效扒得比城墙还牢 越夜越美丽 #黑眼圈 #底妆推荐 #好皮肤养出来,58800,2574,44747,11287,43秒,https://www.douyin.com/video/7611198255112585654,2026-2-26 23:36,无,https://p3-pc-sign.douyinpic.com/obj/tos-cn-p-0015c000-ce/oEa5WF5AEIKIwboHGgfhfPqA9nJNpDnqEBdIBV?lk3s=138a59ce&x-expires=1776780000&x-signature=dztFeg4HCcz6jonyVkGTCepV6%2FE%3D&from=327834062_large&s=PackSourceEnum_AWEME_DETAIL&se=false&sc=dynamic_cover&biz_tag=pcweb_cover&l=2026040722044480F423576E5E1E0C891D,,,,https://www.douyin.com/aweme/v1/play/?video_id=v2700fgi0000d6g6gqnog65su96k7bfg&line=0&file_id=b0a188580ac34127a0fd9f2fad88bc56&sign=511f395c74f21d85f1c839bb5fd60fdc&is_play_url=1&source=PackSourceEnum_AWEME_DETAIL
汽车,7611132280728715106,我是田姥姥,32987256,《假牙6点以后没收》 #科颜氏小奶泡洁面,351799,1705,6832,19473,1分51秒,https://www.douyin.com/video/7611132280728715106,2026-2-27 11:00,无,https://p3-pc-sign.douyinpic.com/obj/tos-cn-i-0813/oYALhfEgDNAibiCLC99Y9ofAAxBRACAIcAHpkg?lk3s=138a59ce&x-expires=1776776400&x-signature=sDbmKCelF2NRv12i58Ex0pKjZMU%3D&from=327834062_large&s=PackSourceEnum_AWEME_DETAIL&se=false&sc=dynamic_cover&biz_tag=pcweb_cover&l=20260407210931648A5AF2FB24AAC9AAF5,,,,https://www.douyin.com/aweme/v1/play/?video_id=v0300fg10000d6g2mlnog65q2qen1s3g&line=0&file_id=edf24dd52b744f66b038fbe859492b99&sign=a63b3740bbce503ebb9740ff8ac87192&is_play_url=1&source=PackSourceEnum_AWEME_DETAIL
汽车,7611125366183716017,胡楚靓,8161399,1.3万妆教第四课，求你学这个沙漠玫瑰妆！！！！ #跟着胡楚靓学化妆 #化妆教程 #化妆跟练,184808,2331,104972,27339,4分36秒,https://www.douyin.com/video/7611125366183716017,2026-2-26 18:53,无,https://p9-pc-sign.douyinpic.com/obj/tos-cn-i-0813c000-ce/oIAASQEQIEwpysofkTFnAeFTGGYaLAAFDCC9At?lk3s=138a59ce&x-expires=1776776400&x-signature=L5FNHvRYc1nVUAlGOhmxPX0DWP0%3D&from=327834062_large&s=PackSourceEnum_AWEME_DETAIL&se=false&sc=dynamic_cover&biz_tag=pcweb_cover&l=202604072113230AB7E70F5415C8E4A583,,,,https://www.douyin.com/aweme/v1/play/?video_id=v2700fgi0000d6g290fog65nol3il5lg&line=0&file_id=b6c10fbd54ff4514b6c9e67701b0c40e&sign=4136dc62bddfdbba639504ca49dcfc5f&is_play_url=1&source=PackSourceEnum_AWEME_DETAIL
汽车,7611054530356071731,叶老板（好物分享版）,726872,同样是高倍防晒，当然选光电项目后1天就能用的更安心！#皮肤管理#护肤分享#防晒#测评#柳丝木防晒,48207,208,383,528,1分57秒,https://www.douyin.com/video/7611054530356071731,2026-2-26 17:01,有,https://p3-pc-sign.douyinpic.com/obj/tos-cn-i-dy/e91cd36f28c54f2d8046726086c09f98?lk3s=138a59ce&x-expires=1776780000&x-signature=DppYdQkae4CHEX7l3Y6GxW7Mahg%3D&from=327834062_large&s=PackSourceEnum_AWEME_DETAIL&se=false&sc=dynamic_cover&biz_tag=pcweb_cover&l=2026040722203695A3378370FC20003A5C,5462371,3728554542510506059,https://compass.jinritemai.com/shop/chance/rank-video/detail?video_id=7611054530356071731&video_shop_id=5462371&source=shipinxiaoliangbang&prepages%5B0%5D=%2Fshop%2Fchance%2Frank-video&from_page=%2Fshop%2Fchance%2Fvideo-rank&btm_ppre=a6187.b916250.c0.d0&btm_pre=a6187.b282694.c0.d0&btm_show_id=5e56fa53-b131-4142-a45a-3bc2543e688e,https://www.douyin.com/aweme/v1/play/?video_id=v0200fg10000d6fuajfog65o7526e33g&line=0&file_id=522d49a65df344cd8883d81768c560dd&sign=187023c23064196e1d069f8530de270d&is_play_url=1&source=PackSourceEnum_AWEME_DETAIL
